Name,Email,Age
John Doe,john@example.com,30
Jane Smith,jane@example.com,25
Alice Johnson,alice@example.com,28
Michael Brown,michael@example.com,35
Emily Davis,emily@example.com,22
David Wilson,david@example.com,40
Sarah Martinez,sarah@example.com,29
James Anderson,james@example.com,33
Linda Thomas,linda@example.com,27
Robert Taylor,robert@example.com,31
Laura Moore,laura@example.com,26
William Jackson,william@example.com,34
Olivia White,olivia@example.com,23
Daniel Harris,daniel@example.com,36
Sophia Clark,sophia@example.com,24
Joseph Lewis,joseph@example.com,32
Mia Robinson,mia@example.com,21
Charles Walker,charles@example.com,38
Ethan Young,ethan@example.com,20
Ava King,ava@example.com,19